NUMBER,TIMESTAMP,GAS_USED,BASE_FEE_PER_GAS,SEGMENT,GAS_TERCILE
22203995,2025-04-05 16:46:11+00:00,13507413,483250781,1,1
22204633,2025-04-05 18:54:35+00:00,11067714,440914754,1,1
22211594,2025-04-06 18:15:23+00:00,9902867,10718012650,1,1
22220055,2025-04-07 22:39:11+00:00,9456064,607992780,1,1
22221929,2025-04-08 04:55:59+00:00,11478036,460963668,1,1
22228259,2025-04-09 02:06:59+00:00,9702263,2080781013,1,1
22234762,2025-04-09 23:53:47+00:00,13484929,532370650,1,1
22237314,2025-04-10 08:24:59+00:00,12911318,648233434,1,1
22241637,2025-04-10 22:53:11+00:00,11977176,432060899,1,1
22242646,2025-04-11 02:15:23+00:00,11249681,428854387,1,1
22255843,2025-04-12 22:23:35+00:00,11158527,473801350,1,1
22257956,2025-04-13 05:27:47+00:00,12302014,432238495,1,1
22264160,2025-04-14 02:12:35+00:00,7708549,408460136,1,1
22268169,2025-04-14 15:37:59+00:00,13251288,4902171048,1,1
22273003,2025-04-15 07:49:47+00:00,9470153,387721394,1,1
22280026,2025-04-16 07:21:11+00:00,9539122,433739143,1,1
22283695,2025-04-16 19:38:23+00:00,5703355,383132547,1,1
22284987,2025-04-16 23:58:11+00:00,1398248,349589665,1,1
22288361,2025-04-17 11:16:59+00:00,945952,372625217,1,1
22304899,2025-04-19 18:40:11+00:00,11966071,343497284,1,1
22309558,2025-04-20 10:16:11+00:00,11923879,348143117,1,1
22356609,2025-04-26 23:50:11+00:00,12143352,403888532,1,1
22357701,2025-04-27 03:28:47+00:00,4962815,453925985,1,1
22359921,2025-04-27 10:53:47+00:00,7708572,384527068,1,1
22363684,2025-04-27 23:29:11+00:00,4666290,372867709,1,1
22364216,2025-04-28 01:15:47+00:00,13384002,415677615,1,1
22367053,2025-04-28 10:45:23+00:00,8513632,986135263,1,1
22392594,2025-05-02 00:33:47+00:00,10661697,528526351,1,1
22402421,2025-05-03 09:41:11+00:00,10140585,388511348,1,1
22404041,2025-05-03 15:05:59+00:00,13402201,377551552,1,1
22404925,2025-05-03 18:03:11+00:00,11945533,365569712,1,1
22409398,2025-05-04 09:06:35+00:00,12682697,347792626,1,1
22413713,2025-05-04 23:37:35+00:00,12512773,355456612,1,1
22414756,2025-05-05 03:08:11+00:00,12691223,365188554,1,1
22204595,2025-04-05 18:46:59+00:00,20265696,431184755,1,2
22210099,2025-04-06 13:14:35+00:00,18925693,466061535,1,2
22210194,2025-04-06 13:33:35+00:00,19311235,487274002,1,2
22210462,2025-04-06 14:27:23+00:00,14053863,483212775,1,2
22213802,2025-04-07 01:39:47+00:00,18037997,1344600928,1,2
22219998,2025-04-07 22:27:47+00:00,15733954,932187858,1,2
22223935,2025-04-08 11:38:35+00:00,18671638,667506018,1,2
22228503,2025-04-09 02:56:47+00:00,17636031,1592021097,1,2
22228744,2025-04-09 03:45:23+00:00,18345366,689671809,1,2
22248195,2025-04-11 20:49:35+00:00,16803451,582519123,1,2
22253640,2025-04-12 15:00:23+00:00,15390550,2513071998,1,2
22259181,2025-04-13 09:33:35+00:00,17891181,394810591,1,2
22275428,2025-04-15 15:58:47+00:00,18443336,1147812203,1,2
22276533,2025-04-15 19:40:59+00:00,14744328,495664481,1,2
22284520,2025-04-16 22:24:11+00:00,14817005,371151921,1,2
22296611,2025-04-18 14:54:35+00:00,18095737,527160619,1,2
22306029,2025-04-19 22:27:11+00:00,16832222,314202132,1,2
22315011,2025-04-21 04:33:47+00:00,14930750,332844693,1,2
22322579,2025-04-22 05:53:59+00:00,17441355,365280471,1,2
22340687,2025-04-24 18:34:59+00:00,14985413,1940924973,1,2
22343077,2025-04-25 02:34:23+00:00,18524681,1166022640,1,2
22366115,2025-04-28 07:36:47+00:00,17552073,435361185,1,2
22368569,2025-04-28 15:52:11+00:00,14845850,1529756069,1,2
22374803,2025-04-29 12:45:59+00:00,18639483,764924167,1,2
22379673,2025-04-30 05:06:59+00:00,15902364,355510441,1,2
22387466,2025-05-01 07:19:23+00:00,16347220,328906734,1,2
22391363,2025-05-01 20:24:35+00:00,14603314,565870738,1,2
22399279,2025-05-02 23:06:47+00:00,15689367,351413580,1,2
22404098,2025-05-03 15:17:23+00:00,14598810,418750351,1,2
22412205,2025-05-04 18:33:11+00:00,16592164,2032384831,1,2
22417704,2025-05-05 13:01:11+00:00,14793267,512737806,1,2
22417915,2025-05-05 13:43:47+00:00,20322278,707459734,1,2
22422134,2025-05-06 03:57:23+00:00,20067084,469111087,1,2
22424618,2025-05-06 12:19:11+00:00,15875778,1144421149,1,2
22223998,2025-04-08 11:51:11+00:00,25680735,766464859,1,3
22227338,2025-04-08 23:02:23+00:00,20924982,506560371,1,3
22232437,2025-04-09 16:07:23+00:00,25816664,683734148,1,3
22240659,2025-04-10 19:35:59+00:00,21705749,627491865,1,3
22263360,2025-04-13 23:32:11+00:00,33337874,397471750,1,3
22271806,2025-04-15 03:49:23+00:00,33604790,374366994,1,3
22278650,2025-04-16 02:45:35+00:00,26613388,363550291,1,3
22280373,2025-04-16 08:30:47+00:00,31808027,412662736,1,3
22281450,2025-04-16 12:06:59+00:00,29426389,345420170,1,3
22287434,2025-04-17 08:10:59+00:00,22404704,347163658,1,3
22297525,2025-04-18 17:58:35+00:00,31684690,365431614,1,3
22302975,2025-04-19 12:13:23+00:00,35926283,319781333,1,3
22304726,2025-04-19 18:05:35+00:00,31283701,358935600,1,3
22309550,2025-04-20 10:14:35+00:00,20633470,335253183,1,3
22312624,2025-04-20 20:33:23+00:00,31671508,366102515,1,3
22323126,2025-04-22 07:43:47+00:00,22481203,676397610,1,3
22325870,2025-04-22 16:54:11+00:00,20690367,2542573906,1,3
22329908,2025-04-23 06:26:47+00:00,35979501,2061231561,1,3
22330676,2025-04-23 09:02:23+00:00,26395606,1397637014,1,3
22331170,2025-04-23 10:41:47+00:00,33275143,891121373,1,3
22350659,2025-04-26 03:55:59+00:00,25903674,416098319,1,3
22356245,2025-04-26 22:37:23+00:00,22881671,447453164,1,3
22357552,2025-04-27 02:58:59+00:00,24693518,309695866,1,3
22358130,2025-04-27 04:54:59+00:00,32604115,336509203,1,3
22362577,2025-04-27 19:47:11+00:00,35724657,451700608,1,3
22365607,2025-04-28 05:55:11+00:00,35790000,412652356,1,3
22370481,2025-04-28 22:16:23+00:00,29681403,379514894,1,3
22371347,2025-04-29 01:10:23+00:00,35985416,357358317,1,3
22373609,2025-04-29 08:45:35+00:00,22767405,422351641,1,3
22380641,2025-04-30 08:22:23+00:00,27548087,357743349,1,3
22383874,2025-04-30 19:14:35+00:00,20751118,423342591,1,3
22402413,2025-05-03 09:39:35+00:00,31550609,338792858,1,3
22402929,2025-05-03 11:23:11+00:00,35575088,312117495,1,3
22405833,2025-05-03 21:06:47+00:00,35993638,305431658,1,3
22425396,2025-05-06 14:55:59+00:00,10044844,2498283278,2,1
22425565,2025-05-06 15:29:47+00:00,12177467,2430635753,2,1
22427690,2025-05-06 22:38:47+00:00,5985832,491024690,2,1
22435418,2025-05-08 00:58:35+00:00,5546673,1010550309,2,1
22436329,2025-05-08 04:03:47+00:00,7521077,3532848120,2,1
22437757,2025-05-08 08:52:47+00:00,5358936,1493795284,2,1
22445085,2025-05-09 09:40:23+00:00,3868991,14810734924,2,1
22448975,2025-05-09 22:53:23+00:00,9216856,1100771964,2,1
22454655,2025-05-10 18:05:47+00:00,8019721,8530756688,2,1
22461999,2025-05-11 18:53:35+00:00,10198000,3112689420,2,1
22465138,2025-05-12 05:29:35+00:00,10140333,1252457911,2,1
22465220,2025-05-12 05:46:35+00:00,11662235,1078333262,2,1
22467132,2025-05-12 12:14:11+00:00,7430470,6916809976,2,1
22477017,2025-05-13 21:38:11+00:00,13171789,3578295888,2,1
22496036,2025-05-16 13:49:11+00:00,11782942,2216660942,2,1
22496539,2025-05-16 15:31:59+00:00,14137615,5320496840,2,1
22496814,2025-05-16 16:28:35+00:00,13377100,3354069696,2,1
22500409,2025-05-17 04:34:35+00:00,9742170,646773820,2,1
22507329,2025-05-18 03:52:59+00:00,10735502,442390959,2,1
22510826,2025-05-18 15:40:59+00:00,14033206,1495874298,2,1
22516234,2025-05-19 09:50:59+00:00,12916597,755748561,2,1
22537603,2025-05-22 09:44:59+00:00,14530619,3247419454,2,1
22547946,2025-05-23 20:28:11+00:00,11774611,2103640518,2,1
22567525,2025-05-26 14:21:35+00:00,8612844,2548379122,2,1
22567719,2025-05-26 15:00:35+00:00,14654816,2098056354,2,1
22571956,2025-05-27 05:11:59+00:00,13479629,382547290,2,1
22574689,2025-05-27 14:22:59+00:00,5456893,6616278432,2,1
22583156,2025-05-28 18:50:47+00:00,11544842,2713434542,2,1
22599344,2025-05-31 01:11:11+00:00,14550149,1402225261,2,1
22603604,2025-05-31 15:28:59+00:00,13051605,1905566886,2,1
22610710,2025-06-01 15:21:47+00:00,12776166,1854744403,2,1
22613249,2025-06-01 23:52:47+00:00,12796116,570452350,2,1
22619497,2025-06-02 20:54:59+00:00,14413116,2751266690,2,1
22620149,2025-06-02 23:06:35+00:00,5620131,2142665683,2,1
22436008,2025-05-08 02:58:11+00:00,17851811,1548611610,2,2
22448605,2025-05-09 21:38:47+00:00,16631743,1266402098,2,2
22452050,2025-05-10 09:18:35+00:00,15846495,3916612809,2,2
22452902,2025-05-10 12:10:11+00:00,16862728,2270515724,2,2
22452963,2025-05-10 12:22:35+00:00,15963875,2045059461,2,2
22459146,2025-05-11 09:16:35+00:00,15462817,3445899659,2,2
22467109,2025-05-12 12:09:35+00:00,19571668,8444293300,2,2
22479581,2025-05-14 06:18:35+00:00,18162541,878221210,2,2
22482838,2025-05-14 17:18:35+00:00,19287766,2596817334,2,2
22483211,2025-05-14 18:34:35+00:00,16614358,1960520383,2,2
22504616,2025-05-17 18:43:59+00:00,19834441,510057844,2,2
22512929,2025-05-18 22:44:47+00:00,19479203,496513637,2,2
22517034,2025-05-19 12:33:59+00:00,20100299,1081861560,2,2
22520179,2025-05-19 23:09:59+00:00,16423555,793749546,2,2
22546790,2025-05-23 16:35:11+00:00,17451978,2077568104,2,2
22564877,2025-05-26 05:26:35+00:00,17182861,393526099,2,2
22568836,2025-05-26 18:45:35+00:00,20217889,1337104779,2,2
22570389,2025-05-26 23:56:59+00:00,19259904,436638650,2,2
22583885,2025-05-28 21:17:23+00:00,18586450,2265570985,2,2
22589826,2025-05-29 17:15:11+00:00,17130284,2838646714,2,2
22597208,2025-05-30 18:01:47+00:00,17141338,3692991629,2,2
22600398,2025-05-31 04:42:47+00:00,18223410,1079167031,2,2
22600621,2025-05-31 05:27:59+00:00,15497192,861868135,2,2
22606221,2025-06-01 00:15:59+00:00,16053379,1124872411,2,2
22615670,2025-06-02 08:00:23+00:00,17785661,1426672207,2,2
22620559,2025-06-03 00:28:59+00:00,16591973,1348126183,2,2
22620806,2025-06-03 01:18:59+00:00,18162812,882907372,2,2
22622239,2025-06-03 06:06:59+00:00,17212894,1833949764,2,2
22625679,2025-06-03 17:40:35+00:00,16042733,5300980284,2,2
22625847,2025-06-03 18:14:23+00:00,20115479,4711485678,2,2
22633890,2025-06-04 21:15:35+00:00,18629605,5297955696,2,2
22641129,2025-06-05 21:36:11+00:00,19263171,8498119649,2,2
22644870,2025-06-06 10:09:59+00:00,19933976,1096160514,2,2
22645809,2025-06-06 13:20:47+00:00,16704196,1467453561,2,2
22429616,2025-05-07 05:08:35+00:00,35950993,414938645,2,3
22433114,2025-05-07 17:07:47+00:00,35948448,1198289713,2,3
22440062,2025-05-08 16:42:35+00:00,29750588,21471307491,2,3
22446701,2025-05-09 15:09:59+00:00,22953413,6758317812,2,3
22454988,2025-05-10 19:12:59+00:00,29710517,3909300192,2,3
22460741,2025-05-11 14:38:59+00:00,21246231,4719189913,2,3
22466750,2025-05-12 10:56:47+00:00,30526330,4011567053,2,3
22471467,2025-05-13 02:54:47+00:00,23584435,1305534710,2,3
22476842,2025-05-13 21:03:11+00:00,23553901,5564921837,2,3
22479831,2025-05-14 07:09:23+00:00,30747852,1102930830,2,3
22484368,2025-05-14 22:28:11+00:00,22405029,484418462,2,3
22490987,2025-05-15 20:48:11+00:00,21945340,2589464013,2,3
22491595,2025-05-15 22:50:47+00:00,30684316,1060227653,2,3
22497177,2025-05-16 17:41:47+00:00,24785874,1726749951,2,3
22501879,2025-05-17 09:31:11+00:00,25902270,1104166705,2,3
22502821,2025-05-17 12:41:47+00:00,26144165,647201828,2,3
22502870,2025-05-17 12:51:35+00:00,27705186,663468408,2,3
22506291,2025-05-18 00:22:11+00:00,35037751,404774459,2,3
22509713,2025-05-18 11:55:23+00:00,25167663,542243440,2,3
22512556,2025-05-18 21:28:59+00:00,28384523,446410074,2,3
22513425,2025-05-19 00:24:47+00:00,32214534,1055592254,2,3
22530369,2025-05-21 09:27:11+00:00,25418811,1285117371,2,3
22535000,2025-05-22 01:00:59+00:00,34634990,1226216898,2,3
22545503,2025-05-23 12:15:47+00:00,30185510,18091656989,2,3
22545791,2025-05-23 13:13:47+00:00,25330328,3633058698,2,3
22581508,2025-05-28 13:18:47+00:00,24538083,8367025936,2,3
22581532,2025-05-28 13:23:35+00:00,35999681,6778584626,2,3
22614570,2025-06-02 04:18:59+00:00,24283955,769564696,2,3
22618383,2025-06-02 17:09:47+00:00,21272056,4382911476,2,3
22622950,2025-06-03 08:30:23+00:00,26142309,1515892576,2,3
22627168,2025-06-03 22:40:35+00:00,21107779,1126397730,2,3
22631052,2025-06-04 11:43:23+00:00,24109675,1709900828,2,3
22633163,2025-06-04 18:49:11+00:00,24041722,2668556032,2,3
22641477,2025-06-05 22:46:11+00:00,23079361,2155959837,2,3
22664753,2025-06-09 04:51:47+00:00,3193003,481497560,3,1
22667677,2025-06-09 14:40:47+00:00,4372700,4119294822,3,1
22673365,2025-06-10 09:48:11+00:00,11950190,1849082470,3,1
22673917,2025-06-10 11:39:11+00:00,3504947,7567494484,3,1
22674753,2025-06-10 14:26:47+00:00,5249354,8562400796,3,1
22675298,2025-06-10 16:15:59+00:00,11195015,6408105064,3,1
22680608,2025-06-11 10:05:11+00:00,14352176,1742869718,3,1
22695249,2025-06-13 11:10:35+00:00,14339401,989540494,3,1
22697590,2025-06-13 19:00:47+00:00,13618189,1104502864,3,1
22698090,2025-06-13 20:41:11+00:00,4266638,695917277,3,1
22701549,2025-06-14 08:18:23+00:00,6320268,499219924,3,1
22725010,2025-06-17 15:06:23+00:00,14551904,4363639732,3,1
22725206,2025-06-17 15:45:47+00:00,13167393,4247041447,3,1
22725986,2025-06-17 18:22:59+00:00,14271541,3138456097,3,1
22758228,2025-06-22 06:35:11+00:00,3863021,268603590,3,1
22758961,2025-06-22 09:02:47+00:00,1640838,319534550,3,1
22767783,2025-06-23 14:39:59+00:00,10710543,19685502306,3,1
22776708,2025-06-24 20:34:59+00:00,12906027,3432880216,3,1
22777320,2025-06-24 22:37:35+00:00,10149501,3605850307,3,1
22779805,2025-06-25 06:56:35+00:00,13030861,3263064892,3,1
22780504,2025-06-25 09:17:23+00:00,14226498,4783223081,3,1
22781091,2025-06-25 11:15:23+00:00,11537647,3365903480,3,1
22782930,2025-06-25 17:25:11+00:00,14559481,4240839853,3,1
22786427,2025-06-26 05:08:35+00:00,10540224,1225957089,3,1
22806904,2025-06-29 01:47:11+00:00,12626727,288208241,3,1
22817657,2025-06-30 13:53:23+00:00,13147501,3127602179,3,1
22826328,2025-07-01 18:58:59+00:00,10269073,2402696989,3,1
22826620,2025-07-01 19:57:47+00:00,13126718,1430912262,3,1
22829507,2025-07-02 05:39:47+00:00,12316838,377223053,3,1
22832582,2025-07-02 15:58:35+00:00,14158164,2265351143,3,1
22840291,2025-07-03 17:49:59+00:00,14489085,800406690,3,1
22842128,2025-07-03 23:59:11+00:00,10727210,313913478,3,1
22852262,2025-07-05 09:55:59+00:00,9063808,259005968,3,1
22861769,2025-07-06 17:51:59+00:00,10661703,263328407,3,1
22651586,2025-06-07 08:42:23+00:00,19182901,834976180,3,2
22658398,2025-06-08 07:31:59+00:00,19864663,469436739,3,2
22668062,2025-06-09 15:58:11+00:00,17584547,6292070912,3,2
22668604,2025-06-09 17:47:47+00:00,17887732,2855622903,3,2
22668766,2025-06-09 18:20:35+00:00,16861568,1784594772,3,2
22680017,2025-06-11 08:06:11+00:00,18497527,1717339436,3,2
22695225,2025-06-13 11:05:47+00:00,16860443,1039145511,3,2
22696004,2025-06-13 13:41:59+00:00,17018166,1724129479,3,2
22698421,2025-06-13 21:48:35+00:00,18037270,657157042,3,2
22699650,2025-06-14 01:56:11+00:00,19359492,502623577,3,2
22703944,2025-06-14 16:19:23+00:00,14848212,819094946,3,2
22715030,2025-06-16 05:34:11+00:00,15676020,669205259,3,2
22726636,2025-06-17 20:34:47+00:00,16666191,1532339443,3,2
22731312,2025-06-18 12:16:59+00:00,19967480,567643494,3,2
22737070,2025-06-19 07:35:47+00:00,15036293,488145218,3,2
22762542,2025-06-22 21:04:35+00:00,16699490,3979653202,3,2
22765643,2025-06-23 07:28:59+00:00,16524148,618114429,3,2
22767789,2025-06-23 14:41:11+00:00,16766979,19330802020,3,2
22774651,2025-06-24 13:40:59+00:00,17970776,8464745211,3,2
22778674,2025-06-25 03:09:59+00:00,19970873,4862298424,3,2
22780334,2025-06-25 08:43:23+00:00,15564773,4552260700,3,2
22794867,2025-06-27 09:24:59+00:00,16080599,848000948,3,2
22805661,2025-06-28 21:37:23+00:00,15612703,351737256,3,2
22818490,2025-06-30 16:40:47+00:00,15462705,3872811166,3,2
22821093,2025-07-01 01:24:35+00:00,16282153,450022930,3,2
22822784,2025-07-01 07:05:23+00:00,16226863,499612865,3,2
22825035,2025-07-01 14:38:35+00:00,19746764,3704593907,3,2
22834054,2025-07-02 20:54:35+00:00,15131876,1646559074,3,2
22840586,2025-07-03 18:49:11+00:00,17766324,1156998507,3,2
22842701,2025-07-04 01:54:47+00:00,17281671,314912758,3,2
22855413,2025-07-05 20:31:59+00:00,16826545,309570257,3,2
22857472,2025-07-06 03:25:59+00:00,16533962,261311308,3,2
22868101,2025-07-07 15:05:59+00:00,18167161,8238004353,3,2
22870323,2025-07-07 22:32:59+00:00,15917605,1258677910,3,2
22689873,2025-06-12 17:07:23+00:00,21353299,2965335420,3,3
22704795,2025-06-14 19:10:35+00:00,27893784,391745580,3,3
22707937,2025-06-15 05:44:11+00:00,35925254,308812942,3,3
22713970,2025-06-16 02:01:23+00:00,35915282,373202942,3,3
22715502,2025-06-16 07:09:23+00:00,27528929,820304074,3,3
22722713,2025-06-17 07:23:23+00:00,30409859,340542864,3,3
22738294,2025-06-19 11:42:11+00:00,26137012,4020815894,3,3
22742417,2025-06-20 01:30:23+00:00,31541447,305631348,3,3
22746823,2025-06-20 16:17:23+00:00,22838750,1986695309,3,3
22750281,2025-06-21 03:53:59+00:00,31775431,229580699,3,3
22753666,2025-06-21 15:15:35+00:00,27652158,313478799,3,3
22756729,2025-06-22 01:32:47+00:00,20154996,367350536,3,3
22759325,2025-06-22 10:15:59+00:00,21187283,286988801,3,3
22771500,2025-06-24 03:07:47+00:00,23772176,554176098,3,3
22772423,2025-06-24 06:13:11+00:00,20757537,940607195,3,3
22776995,2025-06-24 21:32:35+00:00,35992702,6559926099,3,3
22781165,2025-06-25 11:30:11+00:00,35993523,2974649232,3,3
22781651,2025-06-25 13:08:47+00:00,28444398,3798381265,3,3
22809597,2025-06-29 10:50:23+00:00,25036119,306593465,3,3
22810617,2025-06-29 14:15:23+00:00,25315687,351231751,3,3
22811619,2025-06-29 17:37:35+00:00,31376072,636386152,3,3
22812084,2025-06-29 19:11:11+00:00,36031487,300717674,3,3
22813070,2025-06-29 22:29:59+00:00,23342601,1294774923,3,3
22815299,2025-06-30 06:00:11+00:00,35948287,262308030,3,3
22815462,2025-06-30 06:32:47+00:00,31099661,489404191,3,3
22816642,2025-06-30 10:29:11+00:00,35988741,901914441,3,3
22817430,2025-06-30 13:07:59+00:00,21049778,2422905381,3,3
22826745,2025-07-01 20:22:47+00:00,22186497,2089104896,3,3
22828378,2025-07-02 01:51:35+00:00,35917350,288440250,3,3
22830846,2025-07-02 10:08:59+00:00,24399334,696534153,3,3
22836995,2025-07-03 06:44:59+00:00,21551533,386880037,3,3
22855894,2025-07-05 22:09:11+00:00,31570741,1296708837,3,3
22865195,2025-07-07 05:21:11+00:00,35712907,224984811,3,3
22872693,2025-07-08 06:31:35+00:00,21089933,442479153,3,3
22876931,2025-07-08 20:43:11+00:00,14858845,1137811008,4,1
22877835,2025-07-08 23:44:23+00:00,14106865,414706746,4,1
22884048,2025-07-09 20:35:59+00:00,14476583,6444378736,4,1
22885878,2025-07-10 02:44:35+00:00,15218984,1417530533,4,1
22899005,2025-07-11 22:46:23+00:00,14173260,2972925540,4,1
22903068,2025-07-12 12:24:47+00:00,16026463,1032456517,4,1
22906596,2025-07-13 00:12:35+00:00,14711361,365213376,4,1
22908708,2025-07-13 07:16:11+00:00,14981257,313115340,4,1
22909846,2025-07-13 11:05:35+00:00,13176206,321222049,4,1
22912418,2025-07-13 19:42:59+00:00,14927550,1538805279,4,1
22917181,2025-07-14 11:40:59+00:00,14474358,3038781710,4,1
22917310,2025-07-14 12:06:47+00:00,15306029,3762555433,4,1
22918884,2025-07-14 17:24:23+00:00,13918489,4336777772,4,1
22919847,2025-07-14 20:37:35+00:00,15522041,4143009793,4,1
22920120,2025-07-14 21:32:11+00:00,13510070,2583849679,4,1
22933898,2025-07-16 19:39:35+00:00,14459252,10379067894,4,1
22934349,2025-07-16 21:09:59+00:00,4214695,8130928503,4,1
22947073,2025-07-18 15:46:47+00:00,12121681,6647393456,4,1
22947527,2025-07-18 17:17:35+00:00,5224692,3643361347,4,1
22949119,2025-07-18 22:36:23+00:00,15644024,1629997311,4,1
22953696,2025-07-19 13:59:35+00:00,7464616,1220392751,4,1
22965891,2025-07-21 06:51:11+00:00,14862547,1073390777,4,1
22974945,2025-07-22 13:14:11+00:00,11913510,1378743255,4,1
22976756,2025-07-22 19:19:23+00:00,16007967,1298992521,4,1
22994892,2025-07-25 08:12:11+00:00,7507671,377313851,4,1
23011491,2025-07-27 15:51:23+00:00,15299669,242900018,4,1
23017368,2025-07-28 11:32:47+00:00,7474594,234631635,4,1
23017405,2025-07-28 11:40:23+00:00,15810390,324889697,4,1
23049638,2025-08-01 23:55:23+00:00,16186786,345805111,4,1
23065471,2025-08-04 05:00:23+00:00,14326464,218070744,4,1
23067656,2025-08-04 12:19:23+00:00,15028879,259738689,4,1
23069732,2025-08-04 19:16:59+00:00,12069725,379468852,4,1
23074742,2025-08-05 12:03:59+00:00,15603595,340561970,4,1
23092484,2025-08-07 23:32:47+00:00,13256924,279394894,4,1
22881032,2025-07-09 10:28:11+00:00,17899961,681086722,4,2
22886405,2025-07-10 04:30:47+00:00,18186795,737217677,4,2
22891301,2025-07-10 20:55:35+00:00,19798405,3451648807,4,2
22892593,2025-07-11 01:15:23+00:00,22344852,3301666485,4,2
22900001,2025-07-12 02:07:11+00:00,20396398,1087619677,4,2
22901357,2025-07-12 06:40:47+00:00,17598312,618150529,4,2
22907909,2025-07-13 04:36:11+00:00,19712042,679761937,4,2
22913028,2025-07-13 21:45:59+00:00,17941320,2201296660,4,2
22913360,2025-07-13 22:52:47+00:00,20774851,615917400,4,2
22929840,2025-07-16 06:04:59+00:00,18681008,951179778,4,2
22929841,2025-07-16 06:05:11+00:00,17799923,955678241,4,2
22934875,2025-07-16 22:55:47+00:00,19485747,3445733467,4,2
22947541,2025-07-18 17:20:23+00:00,17739472,3187612163,4,2
22950966,2025-07-19 04:48:11+00:00,18037924,990346213,4,2
22972039,2025-07-22 03:27:59+00:00,18578031,1040771425,4,2
22978307,2025-07-23 00:31:35+00:00,18173867,344141182,4,2
22979998,2025-07-23 06:10:59+00:00,18594845,294930653,4,2
22987571,2025-07-24 07:36:59+00:00,22192848,691105540,4,2
22992061,2025-07-24 22:41:47+00:00,18478471,297922762,4,2
22996567,2025-07-25 13:50:35+00:00,19831191,865558183,4,2
23008986,2025-07-27 07:28:35+00:00,20628113,235988060,4,2
23009016,2025-07-27 07:34:35+00:00,21631276,245662567,4,2
23012385,2025-07-27 18:50:11+00:00,19566109,341564464,4,2
23019360,2025-07-28 18:13:47+00:00,19699322,1077790534,4,2
23023149,2025-07-29 06:57:23+00:00,20356714,265121759,4,2
23024799,2025-07-29 12:28:59+00:00,20751675,1558442220,4,2
23026765,2025-07-29 19:05:35+00:00,20915038,1799153880,4,2
23028165,2025-07-29 23:47:35+00:00,17496928,880647134,4,2
23045073,2025-08-01 08:35:11+00:00,20685311,702432342,4,2
23056742,2025-08-02 23:45:59+00:00,20294774,340877652,4,2
23060805,2025-08-03 13:21:59+00:00,21584123,235907716,4,2
23066407,2025-08-04 08:08:11+00:00,18835901,213374174,4,2
23081094,2025-08-06 09:20:47+00:00,18132116,370733759,4,2
23093491,2025-08-08 02:55:11+00:00,18748431,220517542,4,2
22877815,2025-07-08 23:40:23+00:00,35955108,480474274,4,3
22878155,2025-07-09 00:49:11+00:00,23636053,274490898,4,3
22887181,2025-07-10 07:07:11+00:00,25069850,974458176,4,3
22895443,2025-07-11 10:49:11+00:00,34538738,3492937835,4,3
22906758,2025-07-13 00:44:59+00:00,26947465,347912410,4,3
22914423,2025-07-14 02:26:35+00:00,26999099,830779055,4,3
22916310,2025-07-14 08:45:23+00:00,23019831,2131496263,4,3
22960346,2025-07-20 12:16:35+00:00,29776643,2023917267,4,3
22981572,2025-07-23 11:28:11+00:00,24354811,793586198,4,3
22981821,2025-07-23 12:18:11+00:00,44946069,1385846542,4,3
22991825,2025-07-24 21:54:11+00:00,27950171,477328940,4,3
22993741,2025-07-25 04:19:59+00:00,30341506,284088297,4,3
22995336,2025-07-25 09:41:35+00:00,34957811,652497433,4,3
22999612,2025-07-26 00:03:35+00:00,29642201,219029269,4,3
23002385,2025-07-26 09:20:11+00:00,22952906,253772300,4,3
23024943,2025-07-29 12:58:11+00:00,32540033,1809320044,4,3
23026461,2025-07-29 18:04:47+00:00,31074445,2030928763,4,3
23033440,2025-07-30 17:30:11+00:00,23088583,2285291347,4,3
23034299,2025-07-30 20:23:35+00:00,45036772,3016992710,4,3
23040220,2025-07-31 16:16:35+00:00,26780360,2275489695,4,3
23041241,2025-07-31 19:43:35+00:00,24320652,931164424,4,3
23047685,2025-08-01 17:20:47+00:00,28164664,679538460,4,3
23053360,2025-08-02 12:25:35+00:00,28472187,280110871,4,3
23060093,2025-08-03 10:58:59+00:00,23175768,238494036,4,3
23060918,2025-08-03 13:44:47+00:00,28142279,231451806,4,3
23068643,2025-08-04 15:37:47+00:00,29600610,889778121,4,3
23070249,2025-08-04 21:00:23+00:00,25396175,228375577,4,3
23076563,2025-08-05 18:10:11+00:00,44969819,724341400,4,3
23077058,2025-08-05 19:49:11+00:00,24220885,1984962015,4,3
23080096,2025-08-06 06:00:23+00:00,44936722,223128723,4,3
23081280,2025-08-06 09:57:59+00:00,24637486,437812199,4,3
23083086,2025-08-06 16:00:47+00:00,44986585,876101059,4,3
23088080,2025-08-07 08:46:23+00:00,34469065,328732453,4,3
23094456,2025-08-08 06:08:47+00:00,36052267,218506261,4,3
23105830,2025-08-09 20:15:59+00:00,18137448,593240799,5,1
23112831,2025-08-10 19:46:11+00:00,17974577,475834382,5,1
23117672,2025-08-11 12:00:59+00:00,17046076,1352287508,5,1
23119295,2025-08-11 17:27:11+00:00,18586070,953233907,5,1
23122385,2025-08-12 03:49:35+00:00,15636484,305511451,5,1
23123944,2025-08-12 09:02:59+00:00,6212781,647580378,5,1
23129852,2025-08-13 04:50:59+00:00,18394394,644235760,5,1
23130121,2025-08-13 05:45:23+00:00,5889546,655610026,5,1
23140187,2025-08-14 15:30:47+00:00,13514148,3495893590,5,1
23143089,2025-08-15 01:14:59+00:00,18519083,417289593,5,1
23150335,2025-08-16 01:31:23+00:00,3249375,315870686,5,1
23162401,2025-08-17 17:54:47+00:00,18337204,176045215,5,1
23171123,2025-08-18 23:06:23+00:00,16757746,213421255,5,1
23177839,2025-08-19 21:34:35+00:00,16588173,467359719,5,1
23193248,2025-08-22 01:11:23+00:00,12155163,205165934,5,1
23194559,2025-08-22 05:35:47+00:00,18004477,167420383,5,1
23203920,2025-08-23 12:55:35+00:00,6819706,304458967,5,1
23209311,2025-08-24 06:59:35+00:00,5034913,178983417,5,1
23213287,2025-08-24 20:17:23+00:00,9319989,1696060893,5,1
23232481,2025-08-27 12:32:59+00:00,17668807,916441555,5,1
23232810,2025-08-27 13:39:35+00:00,10191417,1224526441,5,1
23240876,2025-08-28 16:41:59+00:00,7669194,743434151,5,1
23258534,2025-08-31 03:47:59+00:00,11907899,144808080,5,1
23260011,2025-08-31 08:43:59+00:00,13810359,136603758,5,1
23278827,2025-09-02 23:53:35+00:00,15408168,248408919,5,1
23286783,2025-09-04 02:32:59+00:00,14202869,248405513,5,1
23294874,2025-09-05 05:39:23+00:00,17951057,187398126,5,1
23300076,2025-09-05 23:05:47+00:00,13494700,153585225,5,1
23307130,2025-09-06 22:47:35+00:00,15183371,201195591,5,1
23313585,2025-09-07 20:24:47+00:00,7258676,129893832,5,1
23321090,2025-09-08 21:35:11+00:00,9621950,195887007,5,1
23322541,2025-09-09 02:26:35+00:00,16781397,171359261,5,1
23322966,2025-09-09 03:51:59+00:00,6546885,131562711,5,1
23323720,2025-09-09 06:23:35+00:00,7780181,213418846,5,1
23103824,2025-08-09 13:33:47+00:00,22139439,1030575227,5,2
23110446,2025-08-10 11:46:11+00:00,21296430,264171054,5,2
23118609,2025-08-11 15:09:47+00:00,22547347,1521801966,5,2
23125625,2025-08-12 14:41:11+00:00,19715498,2040065370,5,2
23127640,2025-08-12 21:25:59+00:00,20340433,2881020805,5,2
23140267,2025-08-14 15:46:59+00:00,23433201,2671976796,5,2
23142905,2025-08-15 00:37:59+00:00,24534752,469483638,5,2
23144172,2025-08-15 04:53:23+00:00,19119638,300113918,5,2
23147618,2025-08-15 16:25:35+00:00,21846962,2666106199,5,2
23154482,2025-08-16 15:25:23+00:00,19132891,317163007,5,2
23154702,2025-08-16 16:09:23+00:00,23666194,245646947,5,2
23157282,2025-08-17 00:47:11+00:00,18762498,176900063,5,2
23160918,2025-08-17 12:56:23+00:00,20937723,202594920,5,2
23173088,2025-08-19 05:40:47+00:00,24871073,146276152,5,2
23177524,2025-08-19 20:31:35+00:00,21815134,552500114,5,2
23185014,2025-08-20 21:35:35+00:00,23807168,552806798,5,2
23188537,2025-08-21 09:24:11+00:00,24369507,275731754,5,2
23204699,2025-08-23 15:31:59+00:00,19071099,317717087,5,2
23205183,2025-08-23 17:09:11+00:00,20340587,378610191,5,2
23215136,2025-08-25 02:29:35+00:00,22649571,176405303,5,2
23215343,2025-08-25 03:10:59+00:00,21893829,172262117,5,2
23215993,2025-08-25 05:21:35+00:00,18821867,193159382,5,2
23218647,2025-08-25 14:13:59+00:00,21176058,860031392,5,2
23247835,2025-08-29 15:59:59+00:00,23994255,1078720501,5,2
23253024,2025-08-30 09:21:35+00:00,19545633,165142910,5,2
23271157,2025-09-01 22:05:11+00:00,24789118,1267444029,5,2
23277993,2025-09-02 21:05:47+00:00,19109279,296949507,5,2
23281066,2025-09-03 07:23:35+00:00,21500599,313589772,5,2
23290991,2025-09-04 16:38:23+00:00,22558717,1623651188,5,2
23291394,2025-09-04 17:59:35+00:00,21634411,853367773,5,2
23291768,2025-09-04 19:14:59+00:00,20340524,623257569,5,2
23303214,2025-09-06 09:38:23+00:00,18917980,143445355,5,2
23310017,2025-09-07 08:27:11+00:00,22093566,140567402,5,2
23313024,2025-09-07 18:31:47+00:00,23507135,203253455,5,2
23101397,2025-08-09 05:25:35+00:00,25437293,1128617030,5,3
23104304,2025-08-09 15:09:59+00:00,33451789,999588095,5,3
23121047,2025-08-11 23:21:11+00:00,39016094,362273411,5,3
23121804,2025-08-12 01:53:11+00:00,40980705,384506789,5,3
23128285,2025-08-12 23:35:59+00:00,27272716,785634291,5,3
23137154,2025-08-14 05:17:47+00:00,26920363,979650072,5,3
23157278,2025-08-17 00:46:23+00:00,26617122,186874682,5,3
23166457,2025-08-18 07:29:11+00:00,40412871,367008132,5,3
23167095,2025-08-18 09:37:11+00:00,25250152,462648179,5,3
23172791,2025-08-19 04:41:11+00:00,44937871,185596711,5,3
23176728,2025-08-19 17:51:35+00:00,28131950,837574524,5,3
23179778,2025-08-20 04:03:47+00:00,45042400,229837666,5,3
23184639,2025-08-20 20:20:11+00:00,31891454,559105603,5,3
23188279,2025-08-21 08:31:59+00:00,35208750,192454134,5,3
23203367,2025-08-23 11:03:59+00:00,26619858,348558065,5,3
23206166,2025-08-23 20:27:11+00:00,28558136,251951947,5,3
23211202,2025-08-24 13:18:59+00:00,36260762,262260402,5,3
23211982,2025-08-24 15:56:11+00:00,27820210,382339243,5,3
23214236,2025-08-24 23:27:59+00:00,29212936,216540059,5,3
23221188,2025-08-25 22:44:11+00:00,32936578,461868755,5,3
23228302,2025-08-26 22:34:11+00:00,29815047,334597546,5,3
23230039,2025-08-27 04:22:11+00:00,32902209,211311180,5,3
23232667,2025-08-27 13:10:47+00:00,40552858,1368442163,5,3
23238826,2025-08-28 09:49:23+00:00,26948166,289034372,5,3
23244357,2025-08-29 04:20:59+00:00,28052080,202778892,5,3
23246283,2025-08-29 10:48:11+00:00,38106111,289335823,5,3
23255990,2025-08-30 19:17:23+00:00,37645264,188473319,5,3
23258790,2025-08-31 04:39:23+00:00,38427926,140960391,5,3
23270903,2025-09-01 21:14:23+00:00,31651513,1189329163,5,3
23273453,2025-09-02 05:51:59+00:00,33193192,155990646,5,3
23274794,2025-09-02 10:22:11+00:00,29302703,171993754,5,3
23304893,2025-09-06 15:16:59+00:00,38847909,138849689,5,3
23310199,2025-09-07 09:03:59+00:00,37468927,119197610,5,3
23311810,2025-09-07 14:27:35+00:00,32711734,148330204,5,3
23333122,2025-09-10 13:56:47+00:00,16807758,4155958644,6,1
23336460,2025-09-11 01:12:11+00:00,7174347,204978958,6,1
23337122,2025-09-11 03:25:23+00:00,14637689,140833294,6,1
23350488,2025-09-13 00:12:47+00:00,5761362,202276632,6,1
23351991,2025-09-13 05:15:23+00:00,7739871,178619537,6,1
23357644,2025-09-14 00:10:35+00:00,4901671,142611670,6,1
23363056,2025-09-14 18:16:59+00:00,16986729,162918530,6,1
23363087,2025-09-14 18:23:11+00:00,9098063,171179131,6,1
23364384,2025-09-14 22:44:11+00:00,17237957,135147803,6,1
23366207,2025-09-15 04:50:35+00:00,14727540,130656623,6,1
23377788,2025-09-16 19:41:59+00:00,18344964,444528168,6,1
23410658,2025-09-21 09:54:23+00:00,3999839,161354499,6,1
23419838,2025-09-22 16:44:23+00:00,16182478,560104963,6,1
23423349,2025-09-23 04:29:47+00:00,16534128,116180749,6,1
23437302,2025-09-25 03:14:35+00:00,15711216,318212824,6,1
23443443,2025-09-25 23:51:59+00:00,7629076,262115458,6,1
23456716,2025-09-27 20:25:59+00:00,15165745,119149395,6,1
23457281,2025-09-27 22:19:47+00:00,10723246,128868932,6,1
23459200,2025-09-28 04:45:11+00:00,12278331,126146943,6,1
23463561,2025-09-28 19:24:35+00:00,17321795,122268659,6,1
23471906,2025-09-29 23:23:11+00:00,16248111,270663563,6,1
23472176,2025-09-30 00:17:35+00:00,18261338,379513725,6,1
23473159,2025-09-30 03:35:23+00:00,18605235,229277181,6,1
23487823,2025-10-02 04:49:35+00:00,7787912,228629598,6,1
23489475,2025-10-02 10:22:47+00:00,15392489,488736576,6,1
23502021,2025-10-04 04:26:59+00:00,18415861,114516691,6,1
23505660,2025-10-04 16:39:47+00:00,13926814,183937227,6,1
23505975,2025-10-04 17:42:59+00:00,15316965,107249820,6,1
23506648,2025-10-04 19:58:23+00:00,18379927,111187591,6,1
23507066,2025-10-04 21:22:23+00:00,6371118,129006514,6,1
23516194,2025-10-06 03:58:23+00:00,6742051,119695702,6,1
23525325,2025-10-07 10:36:47+00:00,3708802,155015201,6,1
23541388,2025-10-09 16:32:11+00:00,18177014,1826110292,6,1
23544443,2025-10-10 02:47:23+00:00,12331506,108790222,6,1
23325832,2025-09-09 13:27:11+00:00,22219968,998075331,6,2
23326027,2025-09-09 14:06:11+00:00,21951865,1924042779,6,2
23328403,2025-09-09 22:02:47+00:00,19809579,224558074,6,2
23334636,2025-09-10 19:04:47+00:00,24418134,591881852,6,2
23338091,2025-09-11 06:40:35+00:00,21292709,138962728,6,2
23339705,2025-09-11 12:05:23+00:00,22582266,445075595,6,2
23362752,2025-09-14 17:15:59+00:00,19136483,176136726,6,2
23370424,2025-09-15 19:00:23+00:00,24001265,615310935,6,2
23374320,2025-09-16 08:06:23+00:00,19184543,744973267,6,2
23381488,2025-09-17 08:04:35+00:00,24100346,272236395,6,2
23393597,2025-09-19 00:39:47+00:00,20770846,208240865,6,2
23403863,2025-09-20 11:04:23+00:00,23145834,201045101,6,2
23418747,2025-09-22 13:04:47+00:00,23276633,552200955,6,2
23425281,2025-09-23 10:57:59+00:00,19884770,210925679,6,2
23428841,2025-09-23 22:53:35+00:00,23447485,123870115,6,2
23431903,2025-09-24 09:08:11+00:00,19656080,462462744,6,2
23434814,2025-09-24 18:54:47+00:00,24523820,252205512,6,2
23436122,2025-09-24 23:17:11+00:00,24789451,141464129,6,2
23458610,2025-09-28 02:46:59+00:00,19613398,137724107,6,2
23460820,2025-09-28 10:12:23+00:00,20851739,136568226,6,2
23461180,2025-09-28 11:24:47+00:00,21011129,128175354,6,2
23463098,2025-09-28 17:51:23+00:00,19602105,135106686,6,2
23469473,2025-09-29 15:13:59+00:00,23831091,8045753332,6,2
23478762,2025-09-30 22:22:47+00:00,23496042,260542024,6,2
23481189,2025-10-01 06:31:59+00:00,23852759,145531061,6,2
23483302,2025-10-01 13:39:11+00:00,23617100,1210861950,6,2
23509433,2025-10-05 05:19:11+00:00,20872350,116112005,6,2
23511960,2025-10-05 13:46:47+00:00,19336034,129938282,6,2
23517373,2025-10-06 07:55:23+00:00,19666488,132374613,6,2
23519510,2025-10-06 15:05:35+00:00,20035347,2290958469,6,2
23532568,2025-10-08 10:54:11+00:00,23546003,173400916,6,2
23534594,2025-10-08 17:44:11+00:00,20153422,866058888,6,2
23535839,2025-10-08 21:54:59+00:00,22836326,204669517,6,2
23543137,2025-10-09 22:23:47+00:00,20640202,278418041,6,2
23328380,2025-09-09 21:58:11+00:00,44339396,190776222,6,3
23329782,2025-09-10 02:41:23+00:00,31629058,131396433,6,3
23331597,2025-09-10 08:48:35+00:00,28801526,174694625,6,3
23350506,2025-09-13 00:16:23+00:00,44281383,168151302,6,3
23361710,2025-09-14 13:46:47+00:00,28787275,177393597,6,3
23361713,2025-09-14 13:47:23+00:00,44129053,174288879,6,3
23365194,2025-09-15 01:26:35+00:00,27068922,157326304,6,3
23368011,2025-09-15 10:53:47+00:00,28656272,461750117,6,3
23379763,2025-09-17 02:18:11+00:00,30305702,134157461,6,3
23389896,2025-09-18 12:14:59+00:00,25396854,4572371398,6,3
23390529,2025-09-18 14:21:59+00:00,32314709,3198492495,6,3
23402660,2025-09-20 07:01:35+00:00,26031671,169887810,6,3
23408417,2025-09-21 02:22:59+00:00,40605542,137983220,6,3
23416199,2025-09-22 04:30:35+00:00,37323149,139588111,6,3
23421072,2025-09-22 20:51:59+00:00,29155200,205263555,6,3
23422031,2025-09-23 00:05:11+00:00,44948217,113074890,6,3
23428269,2025-09-23 20:58:47+00:00,44752671,167802513,6,3
23428474,2025-09-23 21:39:59+00:00,34395032,148829596,6,3
23437310,2025-09-25 03:16:11+00:00,36716546,283962450,6,3
23439959,2025-09-25 12:09:35+00:00,34273554,896352232,6,3
23441254,2025-09-25 16:30:11+00:00,35395425,1948272061,6,3
23444690,2025-09-26 04:04:11+00:00,25005643,236151696,6,3
23454440,2025-09-27 12:48:47+00:00,39704705,342513577,6,3
23463824,2025-09-28 20:17:35+00:00,32815323,162825383,6,3
23471940,2025-09-29 23:29:59+00:00,25561008,267773062,6,3
23474478,2025-09-30 08:00:23+00:00,32363763,460628984,6,3
23475600,2025-09-30 11:46:47+00:00,44201784,874624802,6,3
23484147,2025-10-01 16:29:11+00:00,31500436,1524597947,6,3
23487012,2025-10-02 02:06:11+00:00,27894383,280694005,6,3
23520221,2025-10-06 17:29:11+00:00,25881244,2242963660,6,3
23523673,2025-10-07 05:04:35+00:00,25498351,129657021,6,3
23531770,2025-10-08 08:13:35+00:00,26028737,126843754,6,3
23536586,2025-10-09 00:25:11+00:00,28987042,107910279,6,3
23543619,2025-10-10 00:00:47+00:00,25293198,110271804,6,3
23550693,2025-10-10 23:45:59+00:00,16911512,33480030760,7,1
23559035,2025-10-12 03:44:23+00:00,12622341,197930944,7,1
23560311,2025-10-12 08:00:35+00:00,17639780,111058491,7,1
23565344,2025-10-13 00:52:59+00:00,13770136,136679606,7,1
23566148,2025-10-13 03:34:35+00:00,16907805,129760668,7,1
23586346,2025-10-15 23:23:59+00:00,10575001,290570232,7,1
23589532,2025-10-16 10:08:47+00:00,14241193,443702330,7,1
23593780,2025-10-17 00:23:59+00:00,4149014,204117286,7,1
23598057,2025-10-17 14:43:47+00:00,15781372,2164618062,7,1
23602536,2025-10-18 05:45:35+00:00,14153162,129325817,7,1
23610014,2025-10-19 06:52:59+00:00,12998687,121878371,7,1
23610309,2025-10-19 07:52:11+00:00,16066427,107730712,7,1
23616914,2025-10-20 06:03:59+00:00,3565412,141263071,7,1
23625420,2025-10-21 10:43:11+00:00,9127516,108466625,7,1
23627506,2025-10-21 17:45:35+00:00,17769125,684480411,7,1
23630312,2025-10-22 03:12:11+00:00,15026816,114471731,7,1
23641369,2025-10-23 16:24:11+00:00,15292904,173387871,7,1
23643311,2025-10-23 22:57:59+00:00,13664359,94861729,7,1
23656830,2025-10-25 20:22:35+00:00,8277728,91904567,7,1
23657868,2025-10-25 23:51:35+00:00,9428018,85373559,7,1
23660601,2025-10-26 09:00:47+00:00,15024376,99924644,7,1
23665436,2025-10-27 01:13:35+00:00,17428193,102941967,7,1
23666832,2025-10-27 05:55:35+00:00,14209216,104654756,7,1
23670185,2025-10-27 17:11:35+00:00,7820829,559730185,7,1
23695943,2025-10-31 07:47:23+00:00,14565532,91348129,7,1
23713711,2025-11-02 19:24:59+00:00,16067898,89074325,7,1
23719277,2025-11-03 14:03:59+00:00,17763663,1012791700,7,1
23737286,2025-11-06 02:33:11+00:00,16924111,314397248,7,1
23740130,2025-11-06 12:06:11+00:00,15862155,986138000,7,1
23750776,2025-11-07 23:49:35+00:00,11522004,209483766,7,1
23755706,2025-11-08 16:23:11+00:00,18039696,229974811,7,1
23763906,2025-11-09 19:51:23+00:00,13326043,133542256,7,1
23768158,2025-11-10 10:06:47+00:00,16914592,231489420,7,1
23770770,2025-11-10 18:52:59+00:00,17597065,283008093,7,1
23550944,2025-10-11 00:36:23+00:00,19067622,15344481145,7,2
23552700,2025-10-11 06:29:35+00:00,19504728,750895812,7,2
23561712,2025-10-12 12:41:59+00:00,21141416,190210329,7,2
23570100,2025-10-13 16:52:11+00:00,20554254,1591617772,7,2
23577036,2025-10-14 16:09:23+00:00,23223341,1451087481,7,2
23578903,2025-10-14 22:25:11+00:00,19072260,152716381,7,2
23582319,2025-10-15 09:52:47+00:00,22607160,307459483,7,2
23582695,2025-10-15 11:07:59+00:00,20841937,1186626669,7,2
23593683,2025-10-17 00:04:11+00:00,24145503,150388063,7,2
23603804,2025-10-18 10:01:11+00:00,19168451,117823764,7,2
23621028,2025-10-20 19:55:47+00:00,21403325,106775877,7,2
23631186,2025-10-22 06:08:47+00:00,22143225,101222230,7,2
23640843,2025-10-23 14:37:11+00:00,23800966,272226720,7,2
23646132,2025-10-24 08:27:59+00:00,21629295,142696014,7,2
23664309,2025-10-26 21:26:59+00:00,19982259,110309862,7,2
23667550,2025-10-27 08:19:47+00:00,24435359,119847160,7,2
23668886,2025-10-27 12:49:59+00:00,19523728,765896237,7,2
23680929,2025-10-29 05:20:47+00:00,18957039,99974144,7,2
23686746,2025-10-30 00:51:59+00:00,19672501,85757987,7,2
23689145,2025-10-30 08:56:11+00:00,23634908,164072608,7,2
23691975,2025-10-30 18:25:35+00:00,23642042,545598487,7,2
23693434,2025-10-30 23:20:59+00:00,19026961,109633428,7,2
23695543,2025-10-31 06:26:11+00:00,20114846,106893296,7,2
23716622,2025-11-03 05:11:11+00:00,20024198,115060623,7,2
23728411,2025-11-04 20:42:59+00:00,20391855,12910003659,7,2
23730124,2025-11-05 02:28:11+00:00,25004819,1103704819,7,2
23731246,2025-11-05 06:15:11+00:00,25061575,323484581,7,2
23743012,2025-11-06 21:46:23+00:00,23070282,319936802,7,2
23746218,2025-11-07 08:31:47+00:00,24014820,463430146,7,2
23747043,2025-11-07 11:18:23+00:00,18967471,2638190380,7,2
23750467,2025-11-07 22:47:23+00:00,20103343,262674000,7,2
23755251,2025-11-08 14:51:47+00:00,23738285,277689461,7,2
23755748,2025-11-08 16:31:35+00:00,19473487,183596667,7,2
23770382,2025-11-10 17:34:59+00:00,24170836,369680633,7,2
23556485,2025-10-11 19:11:35+00:00,26038509,290311231,7,3
23558714,2025-10-12 02:39:23+00:00,27828707,173743926,7,3
23575731,2025-10-14 11:45:47+00:00,44703638,1340452326,7,3
23582689,2025-10-15 11:06:47+00:00,28541068,1029311284,7,3
23583878,2025-10-15 15:07:11+00:00,33503109,1990086279,7,3
23590138,2025-10-16 12:10:47+00:00,30143188,312726732,7,3
23595427,2025-10-17 05:55:23+00:00,33814958,146042981,7,3
23596547,2025-10-17 09:40:47+00:00,27477071,3240559528,7,3
23604032,2025-10-18 10:46:59+00:00,29631822,111215880,7,3
23611336,2025-10-19 11:18:11+00:00,31578388,137797917,7,3
23613084,2025-10-19 17:11:11+00:00,32463806,265921311,7,3
23630241,2025-10-22 02:57:59+00:00,38103585,98299685,7,3
23630923,2025-10-22 05:16:11+00:00,28420609,103461828,7,3
23635229,2025-10-22 19:45:23+00:00,44929380,111775189,7,3
23641886,2025-10-23 18:08:35+00:00,29562959,200177348,7,3
23641992,2025-10-23 18:29:47+00:00,30760547,143939522,7,3
23651314,2025-10-25 01:52:35+00:00,42934272,79990217,7,3
23674379,2025-10-28 07:17:11+00:00,36289549,86197176,7,3
23680671,2025-10-29 04:28:11+00:00,27332701,97024499,7,3
23682232,2025-10-29 09:42:59+00:00,28753537,88927924,7,3
23698809,2025-10-31 17:25:11+00:00,26487191,711621204,7,3
23702682,2025-11-01 06:24:47+00:00,41243189,84546422,7,3
23704107,2025-11-01 11:11:47+00:00,41705337,89378280,7,3
23708665,2025-11-02 02:29:35+00:00,44132230,71285865,7,3
23708713,2025-11-02 02:39:11+00:00,39347554,67081682,7,3
23714481,2025-11-02 21:59:35+00:00,28343246,84301059,7,3
23723502,2025-11-04 04:14:35+00:00,31129507,184691365,7,3
23723785,2025-11-04 05:11:35+00:00,30490604,196116121,7,3
23724464,2025-11-04 07:27:47+00:00,44763240,1059897790,7,3
23732254,2025-11-05 09:37:35+00:00,44783929,276330384,7,3
23733669,2025-11-05 14:23:35+00:00,28601910,1306786287,7,3
23737206,2025-11-06 02:17:11+00:00,30572671,326919319,7,3
23758526,2025-11-09 01:49:11+00:00,43746492,63707820,7,3
23763897,2025-11-09 19:49:35+00:00,25998443,135993639,7,3
23775643,2025-11-11 11:18:11+00:00,17788666,183829501,8,1
23785529,2025-11-12 20:28:47+00:00,11036657,161651075,8,1
23785948,2025-11-12 21:52:59+00:00,17514105,68321295,8,1
23791415,2025-11-13 16:16:11+00:00,17641704,1517591829,8,1
23793482,2025-11-13 23:12:59+00:00,5788314,140921512,8,1
23796282,2025-11-14 08:37:35+00:00,17278582,316666642,8,1
23804982,2025-11-15 13:46:47+00:00,15092144,67936567,8,1
23806752,2025-11-15 19:44:11+00:00,17886132,65197198,8,1
23808550,2025-11-16 01:45:47+00:00,17300621,61671954,8,1
23813059,2025-11-16 16:52:35+00:00,6437703,520675794,8,1
23814567,2025-11-16 21:56:35+00:00,17285945,143681878,8,1
23824605,2025-11-18 07:45:47+00:00,18165215,395620457,8,1
23840497,2025-11-20 13:17:47+00:00,13012610,125779549,8,1
23854122,2025-11-22 11:14:47+00:00,19495129,91439735,8,1
23862442,2025-11-23 15:19:59+00:00,13702405,84794542,8,1
23867494,2025-11-24 08:20:47+00:00,8125422,97743586,8,1
23877652,2025-11-25 18:41:47+00:00,14219419,98825008,8,1
23880965,2025-11-26 05:53:23+00:00,16085516,65088475,8,1
23883448,2025-11-26 14:15:11+00:00,17967840,57173638,8,1
23883685,2025-11-26 15:03:23+00:00,18914875,81521175,8,1
23898807,2025-11-28 17:57:59+00:00,17689534,163602600,8,1
23908345,2025-11-30 01:57:59+00:00,12529819,39245028,8,1
23909196,2025-11-30 04:49:11+00:00,18363316,35452844,8,1
23912377,2025-11-30 15:28:59+00:00,16579928,38716424,8,1
23928836,2025-12-02 22:44:23+00:00,18917738,36019643,8,1
23930015,2025-12-03 02:42:23+00:00,18028539,33084164,8,1
23936024,2025-12-03 23:01:11+00:00,18447011,28498179,8,1
23955360,2025-12-06 17:38:23+00:00,6944051,29101598,8,1
23960565,2025-12-07 11:09:35+00:00,9436789,504297047,8,1
23961086,2025-12-07 12:54:23+00:00,11885442,560527250,8,1
23964706,2025-12-08 01:05:11+00:00,13482034,174701712,8,1
23970727,2025-12-08 21:21:23+00:00,13281029,300955268,8,1
23977070,2025-12-09 18:42:11+00:00,16644011,213906915,8,1
23983686,2025-12-10 17:06:11+00:00,16008000,171434276,8,1
23775821,2025-11-11 11:53:59+00:00,21133950,162696532,8,2
23781493,2025-11-12 06:55:23+00:00,22499351,74577335,8,2
23783041,2025-11-12 12:06:47+00:00,25588741,102347078,8,2
23790248,2025-11-13 12:20:35+00:00,22760479,215718013,8,2
23795954,2025-11-14 07:31:47+00:00,23632206,309905356,8,2
23797360,2025-11-14 12:14:59+00:00,24374174,707229694,8,2
23799110,2025-11-14 18:06:11+00:00,19890323,561752049,8,2
23799502,2025-11-14 19:25:11+00:00,23998774,330959030,8,2
23803843,2025-11-15 09:57:47+00:00,21139044,71832470,8,2
23812961,2025-11-16 16:32:47+00:00,22339185,605743707,8,2
23824409,2025-11-18 07:06:23+00:00,25910732,363541993,8,2
23829132,2025-11-18 23:00:35+00:00,24377434,88742146,8,2
23830550,2025-11-19 03:48:23+00:00,23651815,114291665,8,2
23832269,2025-11-19 09:34:35+00:00,19590294,127316889,8,2
23833039,2025-11-19 12:10:47+00:00,21367844,400785780,8,2
23834926,2025-11-19 18:33:11+00:00,25348713,1241167117,8,2
23843253,2025-11-20 22:35:11+00:00,22007108,218547473,8,2
23849947,2025-11-21 21:08:11+00:00,28468402,467660280,8,2
23850954,2025-11-22 00:32:23+00:00,23115887,213916144,8,2
23867831,2025-11-24 09:28:59+00:00,19954305,284379579,8,2
23875026,2025-11-25 09:47:59+00:00,23091627,88214937,8,2
23875421,2025-11-25 11:09:11+00:00,25999726,82007261,8,2
23880157,2025-11-26 03:10:23+00:00,27118119,61031759,8,2
23883292,2025-11-26 13:43:35+00:00,29042690,56645625,8,2
23886193,2025-11-26 23:29:59+00:00,26183100,55898751,8,2
23913360,2025-11-30 18:46:35+00:00,27340185,50607016,8,2
23921034,2025-12-01 20:31:59+00:00,24976061,50676211,8,2
23946689,2025-12-05 12:15:59+00:00,27656349,30700704,8,2
23950583,2025-12-06 01:29:35+00:00,24448302,21260376,8,2
23956951,2025-12-06 22:59:11+00:00,21446551,57697766,8,2
23979200,2025-12-10 01:56:23+00:00,20354065,176759644,8,2
23983966,2025-12-10 18:04:11+00:00,19721925,158384524,8,2
23986921,2025-12-11 04:01:11+00:00,27278153,151906871,8,2
23997790,2025-12-12 16:40:11+00:00,24474231,232970824,8,2
23780643,2025-11-12 04:04:23+00:00,44938250,96544019,8,3
23782760,2025-11-12 11:10:23+00:00,30964880,182423288,8,3
23795520,2025-11-14 06:04:11+00:00,34812529,249758882,8,3
23827715,2025-11-18 18:14:47+00:00,30964901,422626515,8,3
23839684,2025-11-20 10:33:59+00:00,33925410,119312802,8,3
23844095,2025-11-21 01:24:35+00:00,36850779,140537252,8,3
23861680,2025-11-23 12:46:35+00:00,44947433,79005402,8,3
23877528,2025-11-25 18:16:47+00:00,32936998,97809203,8,3
23878477,2025-11-25 21:29:11+00:00,45682283,58238890,8,3
23885053,2025-11-26 19:39:11+00:00,37931581,55959118,8,3
23900381,2025-11-28 23:15:35+00:00,50825863,39981604,8,3
23901217,2025-11-29 02:03:35+00:00,58809273,39055450,8,3
23903132,2025-11-29 08:29:35+00:00,52156191,39962766,8,3
23904501,2025-11-29 13:04:23+00:00,50032512,34393472,8,3
23906261,2025-11-29 18:58:23+00:00,41729615,44544039,8,3
23907987,2025-11-30 00:45:47+00:00,37982983,34962362,8,3
23908669,2025-11-30 03:02:59+00:00,54416933,34859495,8,3
23909897,2025-11-30 07:09:59+00:00,33760341,36506692,8,3
23910045,2025-11-30 07:39:47+00:00,34689329,36630037,8,3
23915900,2025-12-01 03:17:47+00:00,41083961,57324809,8,3
23916976,2025-12-01 06:54:23+00:00,59948571,34671413,8,3
23917475,2025-12-01 08:35:23+00:00,30767915,34986045,8,3
23923766,2025-12-02 05:42:11+00:00,41231503,34324793,8,3
23936675,2025-12-04 01:16:59+00:00,48509695,30147412,8,3
23940212,2025-12-04 14:15:11+00:00,59936532,50136842,8,3
23940244,2025-12-04 14:21:35+00:00,32557373,45869656,8,3
23950030,2025-12-05 23:37:35+00:00,30357727,21111455,8,3
23950677,2025-12-06 01:48:35+00:00,59933797,18742026,8,3
23951794,2025-12-06 05:34:59+00:00,59753443,19718936,8,3
23987331,2025-12-11 05:24:23+00:00,59988224,113244763,8,3
23990820,2025-12-11 17:06:11+00:00,58953058,115553998,8,3
23991693,2025-12-11 20:02:35+00:00,59727756,105157976,8,3
23992798,2025-12-11 23:46:35+00:00,59244283,105765943,8,3
23997529,2025-12-12 15:47:59+00:00,35783283,552040982,8,3
24000489,2025-12-13 01:43:59+00:00,19675865,47053921,9,1
24006454,2025-12-13 21:46:11+00:00,20155628,40312512,9,1
24007333,2025-12-14 00:43:11+00:00,11505596,24688070,9,1
24015105,2025-12-15 02:45:47+00:00,21218580,48386802,9,1
24026221,2025-12-16 15:59:47+00:00,8444601,117442298,9,1
24027382,2025-12-16 19:53:23+00:00,22421488,37619740,9,1
24028883,2025-12-17 00:54:59+00:00,16817393,32013558,9,1
24039832,2025-12-18 13:37:47+00:00,14318284,115042521,9,1
24044600,2025-12-19 05:37:23+00:00,16098521,27125316,9,1
24075124,2025-12-23 11:50:23+00:00,9072139,33368740,9,1
24092250,2025-12-25 21:12:59+00:00,14392484,25940160,9,1
24094418,2025-12-26 04:28:59+00:00,16947173,36374981,9,1
24101342,2025-12-27 03:40:35+00:00,4265454,31170264,9,1
24110928,2025-12-28 11:47:59+00:00,15821420,27487951,9,1
24121884,2025-12-30 00:29:23+00:00,20614474,37684675,9,1
24125974,2025-12-30 14:14:23+00:00,21272445,135973083,9,1
24142166,2026-01-01 20:27:47+00:00,11132330,81100281,9,1
24144369,2026-01-02 03:50:35+00:00,17377474,46736402,9,1
24149447,2026-01-02 20:49:23+00:00,19063505,107555962,9,1
24152744,2026-01-03 07:51:59+00:00,11481616,65373409,9,1
24168076,2026-01-05 11:11:23+00:00,19335007,70611613,9,1
24168143,2026-01-05 11:24:47+00:00,20954999,53186520,9,1
24181204,2026-01-07 07:06:59+00:00,19486050,32381157,9,1
24182780,2026-01-07 12:24:11+00:00,20315946,262961714,9,1
24185495,2026-01-07 21:29:35+00:00,21234419,71547534,9,1
24186931,2026-01-08 02:19:11+00:00,4978423,57761659,9,1
24188707,2026-01-08 08:16:23+00:00,7832623,54770365,9,1
24192280,2026-01-08 20:15:23+00:00,21834352,48079047,9,1
24206684,2026-01-10 20:27:35+00:00,12099541,30482607,9,1
24210331,2026-01-11 08:40:23+00:00,21076539,31099119,9,1
24210380,2026-01-11 08:50:23+00:00,13910379,31074022,9,1
24211577,2026-01-11 12:50:23+00:00,21760154,43666826,9,1
24211759,2026-01-11 13:26:47+00:00,20671777,31471627,9,1
24220499,2026-01-12 18:43:35+00:00,6584822,59875983,9,1
24003198,2025-12-13 10:50:35+00:00,22997771,52713228,9,2
24005101,2025-12-13 17:13:59+00:00,25050500,40262222,9,2
24005866,2025-12-13 19:47:23+00:00,22867314,35229983,9,2
24016555,2025-12-15 07:37:35+00:00,27686037,44413766,9,2
24020098,2025-12-15 19:29:35+00:00,27154138,64940779,9,2
24024097,2025-12-16 08:53:11+00:00,33798259,35239985,9,2
24025916,2025-12-16 14:58:23+00:00,32594707,64788220,9,2
24048661,2025-12-19 19:14:47+00:00,22904442,32575016,9,2
24049806,2025-12-19 23:04:35+00:00,31568135,23566730,9,2
24053198,2025-12-20 10:24:47+00:00,34139293,26169757,9,2
24055298,2025-12-20 17:26:35+00:00,30303444,25592562,9,2
24059302,2025-12-21 06:51:23+00:00,32539479,28016115,9,2
24068818,2025-12-22 14:42:35+00:00,23239814,50023540,9,2
24072877,2025-12-23 04:18:47+00:00,28032317,33727839,9,2
24073874,2025-12-23 07:38:35+00:00,27937758,55340233,9,2
24075604,2025-12-23 13:26:59+00:00,32908554,35811890,9,2
24095949,2025-12-26 09:36:23+00:00,26785985,28878450,9,2
24096817,2025-12-26 12:30:59+00:00,30209196,34329835,9,2
24112204,2025-12-28 16:03:47+00:00,24289716,29400018,9,2
24114813,2025-12-29 00:47:35+00:00,25494110,36711742,9,2
24117123,2025-12-29 08:31:35+00:00,27722438,58324218,9,2
24122461,2025-12-30 02:25:11+00:00,23969296,33192324,9,2
24127964,2025-12-30 20:55:11+00:00,31140238,43538527,9,2
24145359,2026-01-02 07:08:59+00:00,31351485,26673818,9,2
24145927,2026-01-02 09:02:59+00:00,27331977,46511575,9,2
24147945,2026-01-02 15:48:23+00:00,24372289,231314310,9,2
24165406,2026-01-05 02:14:11+00:00,24127416,74542662,9,2
24166692,2026-01-05 06:32:59+00:00,26599770,51628085,9,2
24168596,2026-01-05 12:55:23+00:00,26329464,76477683,9,2
24170922,2026-01-05 20:42:59+00:00,32282029,188223514,9,2
24179980,2026-01-07 03:00:59+00:00,29293962,48082462,9,2
24180832,2026-01-07 05:52:11+00:00,28840458,52477588,9,2
24198078,2026-01-09 15:39:59+00:00,27591577,399678262,9,2
24202997,2026-01-10 08:07:23+00:00,27783130,30369788,9,2
24008773,2025-12-14 05:32:47+00:00,44346399,34837169,9,3
24019436,2025-12-15 17:16:35+00:00,39064257,161386367,9,3
24026533,2025-12-16 17:02:11+00:00,41326728,42346235,9,3
24036454,2025-12-18 02:17:59+00:00,46244155,29669144,9,3
24037048,2025-12-18 04:17:11+00:00,52082588,27905622,9,3
24037778,2025-12-18 06:43:59+00:00,59979952,26768025,9,3
24039917,2025-12-18 13:54:59+00:00,40011149,460255295,9,3
24067959,2025-12-22 11:49:59+00:00,37174940,29840572,9,3
24071175,2025-12-22 22:36:11+00:00,46613133,25522772,9,3
24080175,2025-12-24 04:45:11+00:00,54097175,26057635,9,3
24087805,2025-12-25 06:19:11+00:00,35643951,34431041,9,3
24106258,2025-12-27 20:08:59+00:00,58230843,44013182,9,3
24114638,2025-12-29 00:12:23+00:00,54201360,34067912,9,3
24119627,2025-12-29 16:55:11+00:00,35475147,77461527,9,3
24134184,2025-12-31 17:44:59+00:00,45689775,135970518,9,3
24136370,2026-01-01 01:03:47+00:00,50628017,26586475,9,3
24139138,2026-01-01 10:19:23+00:00,36850865,35142030,9,3
24140154,2026-01-01 13:42:59+00:00,36212490,30344142,9,3
24154664,2026-01-03 14:17:35+00:00,44294595,61327262,9,3
24159839,2026-01-04 07:35:23+00:00,53303659,53107235,9,3
24162654,2026-01-04 17:00:47+00:00,39453601,67744352,9,3
24167046,2026-01-05 07:44:11+00:00,45197809,39587183,9,3
24167562,2026-01-05 09:27:35+00:00,37408907,60892668,9,3
24170560,2026-01-05 19:29:35+00:00,36127880,105800466,9,3
24173470,2026-01-06 05:13:59+00:00,42789555,35368002,9,3
24180637,2026-01-07 05:12:47+00:00,54000761,40967787,9,3
24185647,2026-01-07 22:00:23+00:00,41258999,45985503,9,3
24205206,2026-01-10 15:30:59+00:00,35486701,36310023,9,3
24207067,2026-01-10 21:44:35+00:00,59999011,28570543,9,3
24213185,2026-01-11 18:12:11+00:00,59986453,29731707,9,3
24213743,2026-01-11 20:04:11+00:00,49522742,48288793,9,3
24217737,2026-01-12 09:28:35+00:00,43640691,43495862,9,3
24218103,2026-01-12 10:41:47+00:00,34813999,40833467,9,3
24220660,2026-01-12 19:16:23+00:00,57104299,45302221,9,3
24245514,2026-01-16 06:32:23+00:00,13182968,33265929,10,1
24245547,2026-01-16 06:38:59+00:00,19707280,31104453,10,1
24248578,2026-01-16 16:47:11+00:00,4054878,99738042,10,1
24249185,2026-01-16 18:48:35+00:00,22626905,52528705,10,1
24253032,2026-01-17 07:40:59+00:00,20179022,32793034,10,1
24264626,2026-01-18 22:26:59+00:00,20605114,36983752,10,1
24269289,2026-01-19 14:02:23+00:00,22179128,35717172,10,1
24279993,2026-01-21 01:51:59+00:00,7404871,45629493,10,1
24280277,2026-01-21 02:49:11+00:00,23528588,57043873,10,1
24282416,2026-01-21 09:58:35+00:00,23488757,123091059,10,1
24291170,2026-01-22 15:18:35+00:00,19818723,236234234,10,1
24309812,2026-01-25 05:44:11+00:00,19719078,32803489,10,1
24314020,2026-01-25 19:47:59+00:00,17208841,226625768,10,1
24318704,2026-01-26 11:27:47+00:00,12899410,101877782,10,1
24319645,2026-01-26 14:37:11+00:00,11581440,378366582,10,1
24325487,2026-01-27 10:11:23+00:00,18541559,62002089,10,1
24344218,2026-01-30 00:52:47+00:00,8064119,52133873,10,1
24348317,2026-01-30 14:35:23+00:00,10094144,495042174,10,1
24358648,2026-02-01 01:11:47+00:00,11138764,99466666,10,1
24374244,2026-02-03 05:28:47+00:00,3376025,105903031,10,1
24379691,2026-02-03 23:45:47+00:00,20598419,182434544,10,1
24388144,2026-02-05 04:07:23+00:00,4592665,183267030,10,1
24390928,2026-02-05 13:29:11+00:00,13386733,1623601850,10,1
24393781,2026-02-05 23:02:59+00:00,14187499,1631897836,10,1
24394521,2026-02-06 01:31:59+00:00,5728122,2273775513,10,1
24395712,2026-02-06 05:31:59+00:00,11788347,317481445,10,1
24407483,2026-02-07 20:57:59+00:00,20599785,82585651,10,1
24419838,2026-02-09 14:34:59+00:00,24018999,201556752,10,1
24421475,2026-02-09 20:03:35+00:00,14094939,159475495,10,1
24426769,2026-02-10 13:47:47+00:00,18654983,93617152,10,1
24427561,2026-02-10 16:26:47+00:00,15692473,192973394,10,1
24432569,2026-02-11 09:15:11+00:00,16611474,62171124,10,1
24434811,2026-02-11 16:45:59+00:00,13775780,231073867,10,1
24434845,2026-02-11 16:52:47+00:00,23439347,236418574,10,1
24238354,2026-01-15 06:35:23+00:00,31583310,70590838,10,2
24248474,2026-01-16 16:26:11+00:00,33025871,148434735,10,2
24262214,2026-01-18 14:23:23+00:00,31778825,31965979,10,2
24268923,2026-01-19 12:48:59+00:00,31934898,38053456,10,2
24293951,2026-01-23 00:37:23+00:00,32932264,36817684,10,2
24297244,2026-01-23 11:39:47+00:00,28497664,74472866,10,2
24304750,2026-01-24 12:47:23+00:00,28172463,49756061,10,2
24305119,2026-01-24 14:01:35+00:00,32965780,61726289,10,2
24315353,2026-01-26 00:15:59+00:00,28030647,88696350,10,2
24317890,2026-01-26 08:44:23+00:00,25301233,68395355,10,2
24331902,2026-01-28 07:39:11+00:00,29435866,50376165,10,2
24349339,2026-01-30 18:00:23+00:00,27478216,695436563,10,2
24349342,2026-01-30 18:00:59+00:00,32665720,683682069,10,2
24350092,2026-01-30 20:32:23+00:00,30708767,1246696192,10,2
24350885,2026-01-30 23:11:23+00:00,29154744,76930394,10,2
24357166,2026-01-31 20:13:23+00:00,25210881,2214629637,10,2
24357208,2026-01-31 20:21:47+00:00,24475542,1851540682,10,2
24375810,2026-02-03 10:44:11+00:00,24372398,160378565,10,2
24394066,2026-02-06 00:00:23+00:00,24416607,1399108570,10,2
24398933,2026-02-06 16:19:11+00:00,27797181,752713554,10,2
24399926,2026-02-06 19:39:35+00:00,31358975,218066527,10,2
24400481,2026-02-06 21:30:59+00:00,31902963,224686634,10,2
24401365,2026-02-07 00:28:47+00:00,32844792,214802395,10,2
24409820,2026-02-08 04:52:35+00:00,28453584,64793699,10,2
24410433,2026-02-08 06:57:47+00:00,26436482,42509011,10,2
24425273,2026-02-10 08:47:11+00:00,29322874,69397162,10,2
24426800,2026-02-10 13:53:59+00:00,25727631,88630117,10,2
24426962,2026-02-10 14:26:35+00:00,30506541,128292437,10,2
24427267,2026-02-10 15:27:47+00:00,26374408,205345161,10,2
24435765,2026-02-11 19:57:35+00:00,28652138,123231527,10,2
24439981,2026-02-12 10:04:23+00:00,29045625,113008219,10,2
24441289,2026-02-12 14:27:11+00:00,30668263,449122209,10,2
24444784,2026-02-13 02:09:35+00:00,33688712,53178388,10,2
24449343,2026-02-13 17:26:23+00:00,27762551,250957359,10,2
24225676,2026-01-13 12:04:35+00:00,59904142,45638484,10,3
24236377,2026-01-14 23:58:11+00:00,46652008,46003725,10,3
24245191,2026-01-16 05:27:35+00:00,45030513,31197190,10,3
24246223,2026-01-16 08:54:35+00:00,35214770,32581076,10,3
24253595,2026-01-17 09:34:11+00:00,58424213,30983757,10,3
24254565,2026-01-17 12:48:47+00:00,58428126,30337386,10,3
24268093,2026-01-19 10:02:59+00:00,44121935,48010200,10,3
24270899,2026-01-19 19:25:35+00:00,38340537,56308201,10,3
24293852,2026-01-23 00:17:23+00:00,47285874,40501793,10,3
24301391,2026-01-24 01:33:23+00:00,43789213,45378101,10,3
24304735,2026-01-24 12:44:11+00:00,51341143,45824185,10,3
24320122,2026-01-26 16:13:11+00:00,49572082,268589190,10,3
24324171,2026-01-27 05:47:23+00:00,39039308,32472547,10,3
24335913,2026-01-28 21:04:47+00:00,42661230,66785111,10,3
24343418,2026-01-29 22:12:11+00:00,36628805,82501650,10,3
24344716,2026-01-30 02:32:47+00:00,47799276,468462367,10,3
24349760,2026-01-30 19:25:11+00:00,34372152,573233770,10,3
24350946,2026-01-30 23:23:47+00:00,36759038,73285954,10,3
24355513,2026-01-31 14:39:59+00:00,42717770,6065210465,10,3
24355775,2026-01-31 15:32:47+00:00,41679335,1068978041,10,3
24356292,2026-01-31 17:16:47+00:00,34631813,9666376177,10,3
24366669,2026-02-02 04:04:35+00:00,48442767,943245894,10,3
24367161,2026-02-02 05:43:47+00:00,41571928,164992667,10,3
24371803,2026-02-02 21:17:11+00:00,50060109,127107519,10,3
24372232,2026-02-02 22:43:35+00:00,35211575,115677786,10,3
24373487,2026-02-03 02:56:23+00:00,35060430,127508604,10,3
24377890,2026-02-03 17:42:35+00:00,53419215,887173818,10,3
24380865,2026-02-04 03:41:11+00:00,40515676,115788274,10,3
24396090,2026-02-06 06:47:59+00:00,49563233,515218028,10,3
24408643,2026-02-08 00:52:11+00:00,38172807,91792497,10,3
24411140,2026-02-08 09:20:35+00:00,59990105,50248936,10,3
24416582,2026-02-09 03:39:47+00:00,39048443,50765014,10,3
24416627,2026-02-09 03:48:59+00:00,54709680,38878882,10,3
24441252,2026-02-12 14:19:35+00:00,38117290,505375549,10,3
24461794,2026-02-15 11:05:59+00:00,20309283,34466185,11,1
24473157,2026-02-17 01:06:23+00:00,21967691,36145372,11,1
24487627,2026-02-19 01:32:23+00:00,16009013,38782828,11,1
24488045,2026-02-19 02:56:59+00:00,16868598,58060517,11,1
24494606,2026-02-20 00:54:23+00:00,20735511,34334484,11,1
24502661,2026-02-21 03:50:47+00:00,15712742,39383182,11,1
24502931,2026-02-21 04:45:11+00:00,21432596,32457920,11,1
24508842,2026-02-22 00:32:11+00:00,17905551,34497538,11,1
24510264,2026-02-22 05:17:47+00:00,12370307,31042506,11,1
24512788,2026-02-22 13:44:11+00:00,16986540,66595124,11,1
24518262,2026-02-23 08:01:47+00:00,16133491,43361426,11,1
24522434,2026-02-23 22:00:23+00:00,0,39240000,11,1
24523747,2026-02-24 02:23:47+00:00,18582480,41681021,11,1
24537704,2026-02-26 01:08:11+00:00,10387104,48384523,11,1
24557169,2026-02-28 18:18:35+00:00,18475984,41691240,11,1
24565219,2026-03-01 21:15:11+00:00,22082939,94840568,11,1
24579239,2026-03-03 20:12:47+00:00,17383596,211318470,11,1
24593413,2026-03-05 19:38:35+00:00,18803751,102149393,11,1
24604333,2026-03-07 08:18:47+00:00,21503670,38233243,11,1
24604613,2026-03-07 09:14:47+00:00,12275136,68120487,11,1
24604709,2026-03-07 09:34:11+00:00,783679,61575630,11,1
24613604,2026-03-08 15:20:59+00:00,15368264,33786613,11,1
24615283,2026-03-08 20:57:47+00:00,17522460,31012517,11,1
24616586,2026-03-09 01:20:23+00:00,10779692,80213985,11,1
24617163,2026-03-09 03:15:47+00:00,14590550,134172324,11,1
24633084,2026-03-11 08:37:59+00:00,14907097,58442274,11,1
24636772,2026-03-11 21:00:35+00:00,15587550,50121919,11,1
24638557,2026-03-12 02:59:59+00:00,17401907,46786419,11,1
24649174,2026-03-13 14:34:23+00:00,5428840,772167763,11,1
24652236,2026-03-14 00:48:59+00:00,5340838,39771948,11,1
24655490,2026-03-14 11:41:47+00:00,21624127,29983681,11,1
24662897,2026-03-15 12:29:47+00:00,22167627,39905789,11,1
24668612,2026-03-16 07:36:47+00:00,5920908,55341023,11,1
24671965,2026-03-16 18:51:23+00:00,20225757,291387069,11,1
24457577,2026-02-14 20:59:59+00:00,34328083,32934550,11,2
24458188,2026-02-14 23:02:23+00:00,34241901,37338938,11,2
24458597,2026-02-15 00:24:23+00:00,34146251,36405032,11,2
24463283,2026-02-15 16:04:47+00:00,27790038,36109553,11,2
24465860,2026-02-16 00:41:35+00:00,24089220,31691122,11,2
24471282,2026-02-16 18:49:59+00:00,24630743,49611995,11,2
24499567,2026-02-20 17:30:35+00:00,33265984,139672498,11,2
24502576,2026-02-21 03:33:47+00:00,22947420,41101656,11,2
24510538,2026-02-22 06:12:35+00:00,30900586,32411872,11,2
24513119,2026-02-22 14:50:47+00:00,32812450,72579300,11,2
24517857,2026-02-23 06:40:47+00:00,24009730,32796347,11,2
24518252,2026-02-23 07:59:47+00:00,30575392,42452817,11,2
24529350,2026-02-24 21:08:23+00:00,28806946,42503474,11,2
24534493,2026-02-25 14:21:35+00:00,25848440,102041031,11,2
24536215,2026-02-25 20:08:47+00:00,29561650,142275075,11,2
24538014,2026-02-26 02:10:47+00:00,27005979,56089751,11,2
24551893,2026-02-28 00:36:23+00:00,26596729,43075146,11,2
24579116,2026-03-03 19:48:11+00:00,26307164,143524294,11,2
24579200,2026-03-03 20:04:59+00:00,27108171,152539059,11,2
24579258,2026-03-03 20:16:35+00:00,25142995,195788340,11,2
24584017,2026-03-04 12:12:35+00:00,25194141,167492062,11,2
24600852,2026-03-06 20:37:59+00:00,24391504,60401413,11,2
24607010,2026-03-07 17:17:23+00:00,33524415,32208901,11,2
24608055,2026-03-07 20:47:11+00:00,24424625,31030289,11,2
24609295,2026-03-08 00:56:11+00:00,31981255,30014695,11,2
24609868,2026-03-08 02:50:47+00:00,30158619,38168342,11,2
24621498,2026-03-09 17:46:35+00:00,30658046,199643590,11,2
24625185,2026-03-10 06:08:23+00:00,33662129,32292681,11,2
24626501,2026-03-10 10:33:59+00:00,27194241,83232606,11,2
24630556,2026-03-11 00:10:23+00:00,25244440,48164065,11,2
24631218,2026-03-11 02:22:59+00:00,23329041,40180376,11,2
24634265,2026-03-11 12:35:47+00:00,27085387,329704422,11,2
24647628,2026-03-13 09:24:11+00:00,25195205,57975562,11,2
24673194,2026-03-16 22:58:47+00:00,28765175,134649283,11,2
24450850,2026-02-13 22:29:35+00:00,59853203,46318308,11,3
24457590,2026-02-14 21:02:35+00:00,36424663,31150959,11,3
24458406,2026-02-14 23:46:11+00:00,53167027,29961090,11,3
24465840,2026-02-16 00:37:23+00:00,56817276,25786026,11,3
24466826,2026-02-16 03:55:23+00:00,57301436,28352146,11,3
24475182,2026-02-17 07:53:23+00:00,35627985,33511977,11,3
24483889,2026-02-18 13:02:11+00:00,46357824,51039347,11,3
24485871,2026-02-18 19:39:59+00:00,48647651,249143691,11,3
24487171,2026-02-19 00:00:59+00:00,59994560,41710154,11,3
24491582,2026-02-19 14:46:35+00:00,51479367,224639598,11,3
24493048,2026-02-19 19:41:23+00:00,51286026,68390446,11,3
24504770,2026-02-21 10:54:11+00:00,41298026,32625984,11,3
24507641,2026-02-21 20:30:35+00:00,59990264,30629896,11,3
24514185,2026-02-22 18:24:35+00:00,56570430,38688455,11,3
24520612,2026-02-23 15:54:23+00:00,37897160,102014613,11,3
24521600,2026-02-23 19:12:23+00:00,48273485,40738242,11,3
24529225,2026-02-24 20:43:23+00:00,59985118,40846243,11,3
24536241,2026-02-25 20:13:59+00:00,50235384,166528308,11,3
24552778,2026-02-28 03:35:11+00:00,59917573,33488668,11,3
24557569,2026-02-28 19:38:59+00:00,35597801,97422822,11,3
24564269,2026-03-01 18:04:59+00:00,58792105,72329945,11,3
24591032,2026-03-05 11:40:47+00:00,58785899,72908299,11,3
24593407,2026-03-05 19:37:23+00:00,47324166,102160789,11,3
24601095,2026-03-06 21:26:35+00:00,36605005,43388652,11,3
24602989,2026-03-07 03:47:47+00:00,39764818,28846190,11,3
24614720,2026-03-08 19:04:59+00:00,59735147,23737162,11,3
24636736,2026-03-11 20:53:23+00:00,49838212,38319771,11,3
24637168,2026-03-11 22:20:47+00:00,34909939,35082154,11,3
24638587,2026-03-12 03:06:11+00:00,39274624,38896562,11,3
24651428,2026-03-13 22:07:11+00:00,35423660,65852293,11,3
24658657,2026-03-14 22:17:59+00:00,44136330,29027602,11,3
24659143,2026-03-14 23:55:47+00:00,37315522,24993474,11,3
24661044,2026-03-15 06:17:47+00:00,50638743,26562286,11,3
24673109,2026-03-16 22:41:47+00:00,39240800,137817166,11,3
24676050,2026-03-17 08:33:35+00:00,20139553,80440545,12,1
24686203,2026-03-18 18:36:35+00:00,22096298,208504956,12,1
24691756,2026-03-19 13:12:59+00:00,22947082,470156112,12,1
24696118,2026-03-20 03:48:11+00:00,14589118,55256230,12,1
24697096,2026-03-20 07:04:35+00:00,15888030,62435922,12,1
24702154,2026-03-20 23:59:35+00:00,0,38948315,12,1
24703645,2026-03-21 04:59:35+00:00,21848439,43878542,12,1
24704224,2026-03-21 06:55:47+00:00,19264625,44402657,12,1
24705698,2026-03-21 11:51:23+00:00,23091010,31352088,12,1
24709539,2026-03-22 00:42:59+00:00,11785827,83192380,12,1
24721129,2026-03-23 15:32:11+00:00,22674988,220682599,12,1
24741354,2026-03-26 11:11:47+00:00,17993213,88157005,12,1
24745042,2026-03-26 23:33:23+00:00,6177420,39025668,12,1
24757984,2026-03-28 18:52:23+00:00,17559555,115322201,12,1
24760292,2026-03-29 02:35:23+00:00,12852145,102636879,12,1
24762091,2026-03-29 08:36:47+00:00,17899127,112425388,12,1
24766462,2026-03-29 23:13:59+00:00,4379020,157241695,12,1
24775000,2026-03-31 03:48:59+00:00,16315778,119717306,12,1
24775669,2026-03-31 06:03:11+00:00,21825690,110655456,12,1
24776477,2026-03-31 08:44:47+00:00,20427434,197510336,12,1
24782841,2026-04-01 06:04:47+00:00,21218153,165715861,12,1
24797070,2026-04-03 05:40:47+00:00,17848381,102630199,12,1
24818793,2026-04-06 06:19:11+00:00,9798674,74277562,12,1
24826597,2026-04-07 08:24:59+00:00,13287186,113582068,12,1
24829493,2026-04-07 18:06:23+00:00,3233534,148073717,12,1
24834000,2026-04-08 09:10:23+00:00,17242594,191075878,12,1
24836065,2026-04-08 16:04:11+00:00,13883619,287805481,12,1
24842892,2026-04-09 14:55:23+00:00,17165079,113389994,12,1
24852910,2026-04-11 00:28:23+00:00,16043115,38493284,12,1
24854592,2026-04-11 06:05:59+00:00,11895900,48871383,12,1
24864826,2026-04-12 16:19:59+00:00,8115697,145928898,12,1
24871073,2026-04-13 13:12:35+00:00,7360339,223830595,12,1
24875894,2026-04-14 05:19:23+00:00,17993272,43206622,12,1
24878137,2026-04-14 12:49:23+00:00,14579009,200108411,12,1
24679070,2026-03-17 18:42:47+00:00,28538711,47353185,12,2
24701741,2026-03-20 22:36:23+00:00,25115302,41937432,12,2
24705025,2026-03-21 09:36:23+00:00,23721442,45599692,12,2
24707076,2026-03-21 16:28:11+00:00,24205210,72438743,12,2
24720162,2026-03-23 12:16:47+00:00,26687486,350115387,12,2
24722000,2026-03-23 18:26:47+00:00,29211366,110199174,12,2
24725203,2026-03-24 05:09:35+00:00,34121922,43225491,12,2
24731379,2026-03-25 01:48:11+00:00,31173782,37723134,12,2
24736906,2026-03-25 20:18:59+00:00,28404790,203026770,12,2
24741660,2026-03-26 12:13:35+00:00,28049723,80716472,12,2
24756164,2026-03-28 12:47:35+00:00,32020973,94120513,12,2
24761473,2026-03-29 06:32:35+00:00,26110573,108924092,12,2
24764260,2026-03-29 15:52:59+00:00,28156911,141526439,12,2
24783862,2026-04-01 09:29:59+00:00,31971593,125888984,12,2
24792605,2026-04-02 14:44:47+00:00,30264476,337434273,12,2
24793434,2026-04-02 17:31:23+00:00,32573676,186188764,12,2
24801060,2026-04-03 19:01:23+00:00,30543527,104704863,12,2
24801701,2026-04-03 21:09:47+00:00,24318972,113990541,12,2
24807858,2026-04-04 17:44:23+00:00,29100894,114823778,12,2
24809112,2026-04-04 21:56:11+00:00,29137597,114534018,12,2
24810246,2026-04-05 01:43:11+00:00,30792376,103231263,12,2
24814350,2026-04-05 15:27:11+00:00,26579763,117034985,12,2
24820936,2026-04-06 13:28:59+00:00,33057760,128809065,12,2
24825355,2026-04-07 04:16:11+00:00,31984448,37212113,12,2
24835050,2026-04-08 12:40:23+00:00,26941082,327689697,12,2
24835331,2026-04-08 13:36:59+00:00,29964037,404991783,12,2
24843802,2026-04-09 17:57:59+00:00,31634514,59131982,12,2
24843879,2026-04-09 18:13:47+00:00,25017592,85944005,12,2
24849410,2026-04-10 12:45:47+00:00,26158645,160027427,12,2
24849495,2026-04-10 13:02:47+00:00,29395211,138835333,12,2
24859293,2026-04-11 21:49:35+00:00,24895941,75016523,12,2
24873598,2026-04-13 21:39:23+00:00,30870228,58666812,12,2
24890877,2026-04-16 07:25:23+00:00,26560639,48255041,12,2
24895162,2026-04-16 21:43:59+00:00,26235156,110559816,12,2
24678222,2026-03-17 15:51:47+00:00,52127215,337559701,12,3
24687341,2026-03-18 22:26:35+00:00,56527874,131301005,12,3
24713397,2026-03-22 13:37:35+00:00,59999015,83031309,12,3
24718523,2026-03-23 06:47:35+00:00,50989016,129430381,12,3
24731730,2026-03-25 02:58:35+00:00,48137121,41251105,12,3
24738412,2026-03-26 01:20:59+00:00,40958260,42361151,12,3
24744740,2026-03-26 22:32:35+00:00,52333469,48772136,12,3
24751533,2026-03-27 21:18:35+00:00,42837496,97027075,12,3
24756206,2026-03-28 12:55:59+00:00,59435846,115137451,12,3
24772635,2026-03-30 19:54:23+00:00,50074379,137831145,12,3
24772829,2026-03-30 20:33:11+00:00,38588969,112218662,12,3
24782232,2026-04-01 04:02:23+00:00,58428902,141237460,12,3
24786975,2026-04-01 19:55:23+00:00,46630648,251498314,12,3
24788184,2026-04-01 23:58:23+00:00,36777600,99109078,12,3
24803367,2026-04-04 02:43:47+00:00,52905753,98585238,12,3
24803817,2026-04-04 04:13:59+00:00,36546634,88006758,12,3
24806515,2026-04-04 13:14:47+00:00,39632583,78596869,12,3
24822641,2026-04-06 19:11:35+00:00,40066471,124763691,12,3
24822869,2026-04-06 19:57:11+00:00,41570413,56489180,12,3
24824089,2026-04-07 00:02:23+00:00,57032692,40879683,12,3
24830163,2026-04-07 20:20:47+00:00,42700734,108806119,12,3
24836829,2026-04-08 18:37:35+00:00,43308546,597052674,12,3
24844186,2026-04-09 19:15:23+00:00,39136973,104988611,12,3
24846472,2026-04-10 02:54:23+00:00,56626670,43497924,12,3
24849352,2026-04-10 12:33:59+00:00,55210120,118889865,12,3
24855010,2026-04-11 07:29:59+00:00,42002990,98643326,12,3
24859988,2026-04-12 00:09:23+00:00,49644891,155485150,12,3
24861122,2026-04-12 03:56:59+00:00,42054562,135697867,12,3
24862918,2026-04-12 09:56:47+00:00,43039170,158386775,12,3
24872374,2026-04-13 17:33:59+00:00,38857292,190021556,12,3
24877446,2026-04-14 10:30:23+00:00,35846488,231460935,12,3
24882162,2026-04-15 02:16:59+00:00,46905928,134963118,12,3
24885723,2026-04-15 14:10:23+00:00,59995925,74180971,12,3
24892922,2026-04-16 14:15:47+00:00,49774965,171619178,12,3
